name,gender,numberrange,address,country,height_cm,weight_kg
Kyra Hayden,Male,28,8270 Amet Rd.,Canada,175,64
Jolene Carpenter,Male,29,389-190 Ante Rd.,Peru,158,106
Vera Sloan,Female,30,"P.O. Box 679, 7300 Leo. St.",Netherlands,156,89
Nigel Workman,Male,19,Ap #387-6612 Quisque Ave,Mexico,170,93
Wesley Chavez,Female,71,Ap #252-1857 Molestie Rd.,Norway,150,114
Uta Waller,Female,15,"P.O. Box 230, 5474 Duis St.",Netherlands,183,98
Wyatt Goodwin,Female,67,793-3481 Blandit St.,Germany,183,108
Wing Hawkins,Female,85,840-777 Eu Avenue,Pakistan,189,61
Clarke Townsend,Female,39,6767 Vestibulum Ave,India,178,83
Charlotte Mcgowan,Female,46,"P.O. Box 124, 9662 Nec, Rd.",Italy,175,77
Shad Wells,Male,42,"P.O. Box 299, 5189 Mi Rd.",Australia,158,89
Denton Castaneda,Female,35,Ap #664-5036 Mauris St.,Netherlands,184,90
Anthony Oneil,Female,58,"Ap #769-3826 A, Avenue",South Korea,145,79
Plato Joyner,Male,41,300-9037 Felis. Road,Vietnam,153,95
Oscar Chang,Female,63,614-6825 Risus. Avenue,Ireland,159,58
Jaden Johns,Female,63,"379-9703 Ac, Road",Ukraine,153,77
Lawrence Dejesus,Male,14,991-6450 Egestas. St.,Vietnam,161,97
Bernard Pierce,Female,67,Ap #714-1378 Est St.,China,168,68
Duncan Harris,Female,45,"713-8223 Non, Av.",Indonesia,157,91
Alexander Kirk,Female,59,Ap #445-4295 Dictum St.,United Kingdom,146,95
Claudia Kirk,Female,74,2012 Velit Street,Italy,167,58
Mason Gregory,Male,78,505-3699 Proin Rd.,Canada,156,70
Stewart Abbott,Male,72,"P.O. Box 507, 3101 Vulputate, Avenue",Pakistan,170,90
Wesley Mercer,Male,11,2854 Congue Rd.,Indonesia,143,109
Arden Gaines,Female,65,Ap #838-401 Aliquam Av.,France,184,104
Shad Patterson,Female,80,1707 Duis Avenue,India,163,58
Abel Bryant,Male,34,Ap #703-7054 Placerat St.,Poland,176,81
Hanna Mack,Male,55,3469 A Av.,New Zealand,180,55
Edan Sandoval,Female,24,"P.O. Box 312, 6446 Feugiat. Av.",India,180,61
Lev Dickson,Female,53,"Ap #323-7701 Nec, Rd.",Ukraine,186,88
Sylvia Harding,Male,38,632-4960 Eleifend Avenue,Singapore,157,78
Abigail Rowe,Male,71,3060 Massa. Ave,United States,141,79
Germane Cervantes,Female,28,998-9276 Sodales Road,Vietnam,146,44
Sean Davidson,Male,28,"4624 Et, St.",China,151,57
Amber Joyner,Male,52,Ap #104-7050 Massa. Av.,Spain,176,62
Barbara Knapp,Male,14,2418 Parturient Avenue,China,146,69
Linda Meyers,Male,50,289-9639 In Road,Philippines,153,102
Judah Burgess,Male,20,Ap #830-5416 Mauris. Rd.,Peru,151,115
Sheila Solis,Male,82,Ap #794-4101 Vel Rd.,South Africa,185,66
Daria Hurley,Female,32,1065 Et St.,Poland,155,93
Sonya Glenn,Female,23,233-1233 Curabitur St.,Canada,175,82
Emery Farmer,Female,69,3671 Tristique Avenue,Vietnam,159,74
Jasmine Cobb,Female,31,412-1615 Lorem Rd.,Sweden,142,90
Jael Sanders,Male,27,Ap #946-5707 Placerat. Rd.,India,150,87
Samson Santiago,Male,73,"P.O. Box 283, 1856 Nunc Ave",Chile,190,65
Pandora Blake,Female,50,"Ap #688-7946 Adipiscing, St.",Mexico,159,52
Yvonne Rodgers,Male,47,1664 Ac St.,Nigeria,180,88
Amy Mcmahon,Male,58,646-863 Euismod Avenue,France,169,47
Ignatius Franco,Female,14,837-5285 Sed Street,Germany,163,51
Kermit Hartman,Female,46,Ap #287-7720 Egestas Av.,Canada,179,83
Jin Webster,Female,69,Ap #356-4402 Duis Road,Australia,169,48
Theodore Vaughan,Male,62,Ap #243-5906 Nec St.,Netherlands,145,102
Amela Schultz,Male,56,210-6522 Rutrum Rd.,United States,168,76
Lawrence Donovan,Female,62,Ap #528-4019 Sed Street,Austria,179,40
Leandra Maddox,Male,57,366-7713 Arcu Rd.,China,170,118
Kessie Norris,Female,48,9035 Ante Av.,Spain,171,89
Myra Wong,Female,33,467-7752 Euismod Road,Vietnam,183,109
Melvin Huber,Male,44,Ap #256-660 Eleifend. Ave,Colombia,175,112
Joseph Huber,Male,87,295-3482 Quisque Ave,Canada,157,104
Oren Crosby,Male,72,7313 Scelerisque Rd.,Norway,148,89
Aquila Chang,Male,65,414-4088 Sed St.,Indonesia,161,99
Chaim Fischer,Female,39,"P.O. Box 783, 6678 Cursus Rd.",Austria,189,77
Darrel Cooley,Male,54,2032 Erat St.,Canada,172,102
Tasha Burch,Female,21,"P.O. Box 152, 7552 Quis Av.",Brazil,179,76
Vivien Griffith,Male,46,942-5898 Imperdiet St.,United States,177,72
Guy Briggs,Female,71,Ap #385-746 Ultricies St.,Poland,176,76
Frances Calderon,Male,59,921-3476 Adipiscing St.,Italy,143,65
Mariam Clemons,Male,47,Ap #408-4140 Auctor Avenue,Philippines,143,89
Wynne Mckinney,Female,82,684-6399 Ut Av.,Colombia,157,52
Tamara Hartman,Male,58,"Ap #233-6119 Nec, Rd.",Philippines,169,108
Veronica Rutledge,Male,78,"P.O. Box 318, 6165 Tellus. Av.",Poland,151,43
Blaze Black,Female,49,521-8873 Non Rd.,South Africa,154,79
Valentine Hernandez,Male,26,Ap #223-4602 Amet Street,Australia,155,101
Penelope Mcmahon,Male,69,Ap #697-6472 Etiam Avenue,Costa Rica,168,86
Cruz Roy,Male,82,405-4960 Inceptos Ave,New Zealand,156,77
Quinn Blair,Male,45,Ap #571-2152 Aliquet. Avenue,Belgium,186,52
Whitney Wynn,Male,45,619-9405 Adipiscing Rd.,Netherlands,149,49
Allen Watson,Female,30,6773 A Road,Vietnam,152,71
Irene Vazquez,Female,58,901-3480 Laoreet Rd.,Brazil,174,72
Kay Hubbard,Female,72,Ap #251-9484 Volutpat. St.,Singapore,170,117
Debra Walls,Female,76,858-539 Mollis. Avenue,Indonesia,140,70
Hannah Mayo,Male,13,Ap #998-3683 Enim Avenue,South Africa,178,67
Samantha Hahn,Female,55,294-4891 Non Rd.,Netherlands,178,115
Karen Whitney,Male,21,"P.O. Box 401, 8138 Nulla Rd.",United Kingdom,152,88
Sebastian Dalton,Male,83,8500 Vehicula Avenue,Canada,150,110
Jared Bernard,Female,66,948-8664 Nisl Av.,United Kingdom,188,84
Kerry Combs,Male,84,"8026 Lobortis, Avenue",Singapore,165,86
Claire Walker,Male,58,Ap #218-7407 Eu Av.,Turkey,140,74
Ferdinand Justice,Male,57,Ap #589-6159 Ipsum Ave,Nigeria,156,119
Cruz Dominguez,Male,25,Ap #297-7838 Lacus. St.,South Africa,171,79
Edward Rollins,Female,77,"P.O. Box 944, 2510 Ut Rd.",United States,176,102
Geraldine Fernandez,Male,53,Ap #711-211 Sagittis Rd.,Ukraine,169,68
Ralph Flowers,Female,27,Ap #433-5538 Ac Avenue,Germany,182,55
Abraham Strong,Female,57,645-3079 Consectetuer St.,Belgium,175,95
Reuben George,Male,63,621-6333 Donec Road,Nigeria,143,63
Aristotle Branch,Male,54,964-9430 Mi Rd.,Sweden,175,55
Urielle Flores,Female,49,"P.O. Box 305, 1767 A Road",Mexico,147,111
Brody Rush,Female,45,"P.O. Box 923, 3183 Ipsum Ave",Chile,170,87
Laith Powell,Female,72,113-638 Ante St.,India,154,115
Deborah Fulton,Male,26,Ap #798-7943 Maecenas St.,Nigeria,156,49
Vielka Anderson,Male,86,Ap #427-424 Mus. Street,Norway,156,115
Orli Snider,Male,38,"438-5383 Vulputate, Rd.",Peru,179,67
Ross Gould,Male,89,498 Non Rd.,United Kingdom,167,102
Cassandra Swanson,Male,23,"Ap #292-4163 Vulputate, Avenue",Canada,154,76
Maia Duran,Male,15,"P.O. Box 107, 1486 Natoque Street",Ukraine,156,56
Amethyst Haynes,Male,31,502-1356 Lacus. Rd.,Belgium,175,90
Keelie Rivas,Female,71,Ap #212-3696 Sociosqu Street,Netherlands,167,56
Zeph Stokes,Male,85,624-4992 In Avenue,Pakistan,143,71
Carter Barr,Male,45,"P.O. Box 541, 7193 Ac Avenue",South Korea,172,106
Kamal Blackwell,Female,30,506-1594 Nulla Street,United States,176,68
Brian Blevins,Female,41,488-7002 Molestie Rd.,New Zealand,178,82
Daquan Gray,Female,28,"P.O. Box 688, 4026 Nibh Avenue",Austria,148,103
Hedwig Nielsen,Male,16,"507 Elit, Ave",Spain,180,103
Walter Hays,Female,29,Ap #615-4179 Egestas. Avenue,Russian Federation,188,51
Kirsten Stone,Female,52,584-357 Nascetur Road,China,175,117
August Stone,Male,21,623-5084 Id Rd.,Brazil,167,103
Aurora Wilder,Female,20,428-1225 Ultrices. St.,Pakistan,165,118
Jana Bird,Male,54,Ap #566-1407 Porttitor Rd.,Philippines,188,108
Nichole O'donnell,Female,77,Ap #976-5338 Est Rd.,Pakistan,144,75
Keane Hudson,Male,54,"P.O. Box 505, 6270 Tempor Ave",France,177,55
Yoshi Pratt,Female,60,1876 Enim. Av.,Peru,171,62
Harper Howe,Male,76,"303-5064 Eget, Road",Spain,141,91
James Moss,Female,22,"P.O. Box 366, 4948 Rhoncus. St.",Italy,176,50
Silas Weaver,Male,13,Ap #225-3068 Sodales Street,Germany,147,85
Walter Ellison,Male,51,757-6497 Lobortis Rd.,United Kingdom,152,76
Rafael Rivers,Female,86,Ap #572-5625 Velit St.,Netherlands,144,93
Elvis Santiago,Male,16,Ap #959-6532 Mattis. St.,Indonesia,165,66
Avram Mueller,Female,52,301-2414 Orci St.,China,143,107
Adam Meadows,Female,41,Ap #984-379 Vestibulum Road,Pakistan,141,51
Pamela Gallegos,Female,51,370-4653 Semper. Avenue,Poland,184,50
Zeus Hamilton,Male,11,1189 Penatibus Ave,South Africa,153,65
Hedda Adams,Male,59,879-4277 Lacus Road,Sweden,152,62
Zenaida Jacobs,Male,64,"Ap #841-8453 Ut, Rd.",Philippines,142,60
Nola Jefferson,Female,67,347-4757 Id Ave,Colombia,156,119
Karina Rowland,Male,22,Ap #111-617 Fusce Avenue,India,151,115
Quinn Gibbs,Female,37,Ap #971-2714 Nunc Avenue,Netherlands,161,70
Connor Acevedo,Female,46,"P.O. Box 583, 8216 Ante. St.",Mexico,170,98
Lacota Best,Male,23,9112 Rhoncus. St.,India,188,43
Lacota Jimenez,Female,53,Ap #665-2734 Elit Av.,Turkey,147,104
Forrest Freeman,Male,22,Ap #111-4701 Gravida Ave,Turkey,181,71
Ina Lewis,Female,87,Ap #688-4216 Morbi Avenue,Norway,164,60
Jillian Hayes,Male,73,Ap #767-3015 Nibh. Avenue,Nigeria,152,50
Jolene Delaney,Female,34,"Ap #567-504 Sapien, Rd.",Netherlands,190,50
Raya Downs,Male,66,Ap #609-5665 Neque. Road,Vietnam,167,47
Rose Gamble,Male,51,"5465 In, Road",United Kingdom,187,100
Clayton Stanley,Female,75,459-2879 Enim Avenue,Italy,170,94
Gil Payne,Female,22,4327 Feugiat. St.,Ireland,149,41
Oren Shepard,Female,64,Ap #755-6906 Nam Road,Germany,155,82
Drake Christensen,Female,41,7932 Mauris Ave,Turkey,155,71
Alexis Wade,Male,76,645-7834 Duis St.,United Kingdom,175,42
Adam Cabrera,Female,37,Ap #981-6307 Purus Rd.,Poland,173,102
Hashim Mack,Female,77,Ap #559-8350 Mus. Rd.,Singapore,179,86
Regina O'donnell,Female,38,6581 Nulla Avenue,United Kingdom,153,69
Gemma Vinson,Male,78,105-9894 Nunc Av.,South Africa,153,96
Debra Richard,Female,17,"1742 Non, St.",Germany,144,101
Jared Swanson,Male,54,Ap #196-8286 Sit St.,Pakistan,179,54
Bevis Kelly,Male,70,148 Pharetra St.,Australia,171,96
Sierra Rosa,Male,34,Ap #440-1432 Arcu. Rd.,Spain,152,100
Sylvester Rogers,Female,70,847-6762 Vivamus Street,Pakistan,141,95
John Matthews,Male,60,1586 Nec Rd.,Singapore,150,65
Abel Harris,Female,25,"P.O. Box 890, 349 Egestas. Rd.",Colombia,169,49
Ifeoma Haney,Female,14,2508 Diam St.,China,163,59
Bell Solomon,Male,22,882-9179 Et Road,Peru,163,44
Aristotle Barr,Male,17,248-7641 Odio St.,Turkey,145,44
Harlan Brock,Female,84,5898 Tincidunt Avenue,Sweden,170,85
Amena Gibson,Male,41,657-3205 Nunc Av.,Indonesia,187,67
August Marshall,Male,52,152-2269 Ultricies Road,Spain,171,50
Aurora Sloan,Female,61,"P.O. Box 385, 8589 Pede Road",Canada,148,85
Phillip Cabrera,Female,46,679-5402 Cras Av.,New Zealand,172,94
Brady Kim,Male,69,Ap #687-4857 Maecenas St.,Nigeria,189,101
Tyrone Stout,Female,35,Ap #541-6771 In Street,New Zealand,173,119
Claire York,Female,37,Ap #614-120 Tincidunt Road,Germany,146,107
Adrian Cortez,Female,68,1577 Dapibus Rd.,Spain,164,103
Iola Wilder,Male,74,913-8639 Nec Rd.,Vietnam,181,62
Galvin Chavez,Male,82,"P.O. Box 659, 973 Justo. Avenue",United States,154,64
Cedric Hale,Male,47,Ap #796-3481 Morbi Road,Poland,158,94
Velma Blevins,Female,27,3852 Nullam Ave,Colombia,186,65
Peter Solis,Female,45,"P.O. Box 592, 3615 Ac Avenue",Netherlands,171,95
Charles Pace,Female,34,802-7975 Semper. Ave,Austria,164,114
Caryn Trujillo,Female,52,Ap #554-691 Ac Rd.,Sweden,189,57
Lael Dillard,Female,15,"P.O. Box 214, 8994 Aliquam Av.",United Kingdom,188,44
Reed Mullins,Male,17,"737-8167 Risus, St.",Philippines,165,82
Cally Manning,Male,71,"7991 Sem, Ave",United States,161,51
Nyssa Riddle,Female,41,410-5510 Leo. Avenue,Mexico,161,87
Dominic West,Female,40,324-5745 Diam. Avenue,Nigeria,152,111
Palmer Peters,Female,86,"P.O. Box 567, 7236 Elit Ave",Nigeria,154,115
Abdul Reeves,Male,16,"P.O. Box 197, 2119 Turpis Avenue",Ukraine,142,43
Bert Landry,Female,18,277-4206 Aliquet. Ave,Belgium,150,108
Asher Moore,Male,22,Ap #198-4619 Erat. Ave,Chile,151,119
Richard Poole,Male,54,194-3398 Hendrerit Avenue,Costa Rica,168,71
Brandon Stuart,Female,84,8734 Sapien. St.,Sweden,183,108
Alden Watson,Female,52,157-1515 Sit Rd.,Colombia,175,47
Tanek Manning,Female,30,"Ap #394-1693 Sem, Street",Austria,178,94
Alea Lowe,Male,71,2128 Libero Ave,Belgium,185,103
Gillian Hurst,Male,14,"Ap #969-2928 Adipiscing, Road",New Zealand,154,118
Alexa Sharp,Male,76,866-4174 Sed Avenue,Austria,151,117
Zachary Ayers,Female,38,Ap #281-4604 Habitant Ave,Ukraine,174,52
Diana Lara,Male,53,Ap #193-2747 Orci. Street,Vietnam,186,114
Kevin Matthews,Male,59,Ap #227-9132 Mi. Avenue,United Kingdom,150,78
Jacob Sawyer,Female,32,203-5335 Placerat Ave,India,173,79
Harlan Leon,Male,22,792-9714 Mauris St.,New Zealand,190,63
Conan Holloway,Female,44,707-1930 Convallis Avenue,Spain,161,77
Vielka Stevenson,Male,52,242-6890 Dapibus Road,South Korea,163,110
Martena Neal,Female,81,Ap #756-384 Egestas Avenue,France,187,93
Yasir Hunter,Male,40,8922 Eu Rd.,India,176,113
Lee Clark,Female,42,"P.O. Box 151, 5928 Ac Street",Canada,161,95
Denise Coleman,Male,29,"Ap #969-440 Vel, Ave",Poland,183,115
Jermaine Britt,Male,14,980-3594 Ligula. Street,Norway,173,118
Christian Sears,Male,11,4653 Velit. Ave,Costa Rica,159,44
Ahmed Landry,Male,64,250-6699 Et Avenue,Austria,154,95
Lisandra Hayes,Female,34,941-6139 Sed Road,Russian Federation,190,77
Anika Wright,Female,79,801-8498 Fringilla St.,Vietnam,144,65
Jescie Shaw,Male,88,"P.O. Box 220, 3862 Cursus Av.",Germany,150,113
Hector Berg,Male,75,"P.O. Box 291, 3295 Ultrices. Street",Brazil,186,53
Darius Watkins,Female,45,159-3302 Eu Rd.,Ukraine,152,93
Clementine Santiago,Male,76,650-7893 Cursus. Av.,Canada,183,101
Fulton Norman,Male,36,9088 Fermentum Ave,Pakistan,187,101
Brody Riddle,Female,19,996-3915 Aliquet. St.,Canada,151,52
Amal Herman,Male,86,5951 Adipiscing. St.,Poland,187,68
Ashton Colon,Female,57,Ap #195-9142 Egestas Av.,Philippines,173,74
Kyle Puckett,Female,65,"P.O. Box 353, 4051 Arcu Street",New Zealand,143,103
Armand Vargas,Male,36,"P.O. Box 863, 3229 Eget Avenue",United States,156,53
Thor Simpson,Female,71,312-5208 Lacus. Rd.,Chile,151,105
Cyrus Frank,Female,80,279-1658 Sit Street,United Kingdom,160,117
Gregory Hobbs,Male,67,Ap #176-251 Gravida Street,United States,154,95
Reece Maynard,Male,60,431-1206 Nulla. Street,Brazil,175,66
Shannon Holland,Male,63,2973 Eu Rd.,Singapore,180,102
Ashton Winters,Female,65,Ap #466-8261 Lorem St.,Turkey,161,97
Madeson Robinson,Male,29,879-5433 Egestas Street,Indonesia,188,100
Graiden Whitehead,Female,16,1909 Non Av.,Peru,174,114
Ethan Dominguez,Male,60,3485 Massa Av.,Indonesia,177,71
Jennifer Small,Female,38,258-7151 Gravida Road,Nigeria,169,109
Cara Harrell,Male,55,"Ap #957-1812 Amet, Rd.",Spain,159,67
Mikayla Rodriquez,Male,46,Ap #294-8970 Semper Rd.,Netherlands,183,45
Rinah Estes,Female,45,Ap #351-3735 Sit St.,United States,165,78
Larissa Case,Male,89,Ap #430-3115 Egestas Avenue,New Zealand,165,66
Ann Simpson,Female,46,"P.O. Box 556, 7554 Ornare Ave",Spain,186,48
Virginia Pace,Male,21,3950 Dictum Av.,South Africa,165,89
Urielle Calhoun,Female,51,931-6642 Auctor Ave,India,184,42
Neil Brady,Female,12,786-1812 A Rd.,Canada,189,57
Donovan Lowery,Female,27,540-1687 Phasellus Street,Austria,189,76
Kiona Ferrell,Male,87,"2936 Quis, Av.",Brazil,158,93
Calvin Atkinson,Female,83,442-4543 Dictum. Av.,Germany,174,58
Patrick Rosales,Female,40,Ap #504-3683 Neque. Av.,Singapore,148,89
Eleanor Sosa,Female,43,"Ap #471-8403 Nec, St.",Italy,168,57
Lane Hogan,Male,30,"Ap #498-2380 Mauris, Avenue",United States,174,47
Lane Osborn,Female,71,631-4480 Aliquam Road,Colombia,170,54
Caryn Adkins,Female,23,Ap #684-1193 Erat Av.,Ukraine,189,55
Willow Barber,Male,53,Ap #568-3764 Elit St.,Chile,170,51
Stewart Mayer,Male,59,Ap #819-1893 Aliquet Avenue,Nigeria,173,98
